subject_name,question,answer
申请,申请汽车贷款通常需要哪些材料？,通常需要身份证明、收入或经营证明、银行流水、购车合同或意向书、首付款证明等。实际材料以贷款机构的产品规则和审核通知为准。
申请,没有本地户口可以申请车贷吗？,通常可以申请，但可能需要提供居住证明、工作证明或稳定收入材料。不同机构及地区要求不同，请以实际审批规则为准。
申请,汽车贷款审批需要多久？,资料完整时通常需要数小时至数个工作日；需要补充资料、车辆评估或人工核验时可能更久。审批结果以贷款机构通知为准。
产品,新车和二手车都能办理贷款吗？,多数机构同时提供新车和二手车贷款，但车辆年限、里程、估值、首付比例和最长贷款期限可能不同。
产品,车贷最长可以分多少期？,常见期限为12至60期，具体期限取决于产品、车型、车龄、申请人资质和贷款机构政策。
费用,车贷利率是多少？,利率由贷款机构根据产品、期限、信用状况和市场情况确定。比较方案时应同时查看年化利率、总利息、服务费和其他费用，不能只比较月供。
费用,汽车贷款除了利息还有哪些费用？,可能涉及抵押登记、车辆评估、担保或服务等费用。所有费用应以合同和费用清单为准，不应向未经授权的个人账户付款。
还款,汽车贷款如何计算月供？,等额本息月供由贷款本金、月利率和期数共同决定。最终金额以合同中的还款计划表为准，提前还款等情形可能改变实际成本。
还款,可以提前还清车贷吗？,多数产品允许提前还款，但可能存在最低还款期、预约要求或违约金。办理前应查看合同并向贷款机构确认结清金额。
还款,车贷逾期会有什么影响？,逾期可能产生罚息或违约金，并可能影响征信、车辆处置及后续融资。遇到还款困难应尽早通过官方渠道联系贷款机构协商。
合同,签车贷合同前重点看什么？,重点核对贷款主体、本金、期限、年化利率、总费用、还款方式、逾期责任、提前还款、车辆抵押、保险要求和争议解决条款。
合同,贷款结清后如何解除车辆抵押？,取得贷款机构出具的结清证明和解除抵押材料后，按当地车辆管理部门要求办理解押。所需资料及办理方式以当地规定为准。
安全,如何识别车贷诈骗？,警惕保证百分百放款、先交高额费用、要求转账到个人账户、索取短信验证码或远程控制手机等情形，只通过贷款机构官方渠道核实。
隐私,申请车贷时可以上传身份证和银行卡吗？,只应在贷款机构确认的官方加密渠道提交，并核对隐私政策、用途和保存期限。不要通过私人聊天账号发送完整敏感证件。
